Product,Type,NewType,missing
Belkin Mouse Pad,Accessories,Accessories,FALSE
Computer Game,Accessories,Accessories,FALSE
Large Mouse Pad,Accessories,Accessories,FALSE
Microsoft Office Home and Student 2016,Accessories,Accessories,FALSE
Apple Earpods,Active Headphones,Fanboy Active Headphones,FALSE
Monster Beats By Dr Dre,Active Headphones,Active Headphones,FALSE
Panasonic In-Ear Headphone,Active Headphones,Active Headphones,FALSE
Audio Cable,Computer Cords,Computer Cords,FALSE
Etekcity Power Extension Cord Cable,Computer Cords,Computer Cords,FALSE
Ethernet Cable,Computer Cords,Computer Cords,FALSE
HDMI Adapter,Computer Cords,Computer Cords,FALSE
HDMI Cable 6ft,Computer Cords,Computer Cords,FALSE
iPhone Charger Cable,Computer Cords,Fanboy Computer Cords,FALSE
Samsung Charging Cable,Computer Cords,Computer Cords,FALSE
USB Cable,Computer Cords,Computer Cords,FALSE
VGA Monitor Cable,Computer Cords,Computer Cords,FALSE
Ailihen Stereo Headphones,Computer Headphones,Computer Headphones,FALSE
APIE Bluetooth Headphone,Computer Headphones,Computer Headphones,TRUE
Kensington Headphones,Computer Headphones,Computer Headphones,FALSE
Koss Home Headphones,Computer Headphones,Computer Headphones,FALSE
Logitech ClearChat Headset,Computer Headphones,Computer Headphones,FALSE
Logitech Stereo Headset,Computer Headphones,Computer Headphones,FALSE
Microsoft Headset,Computer Headphones,Computer Headphones,FALSE
Otium Wireless Sports Bluetooth Headphone,Computer Headphones,Computer Headphones,TRUE
Panasonic On-Ear Stereo Headphones,Computer Headphones,Computer Headphones,TRUE
PC Gaming Headset,Computer Headphones,Gaming Computer Headphones,FALSE
Philips Flexible Earhook Headphone,Computer Headphones,Computer Headphones,TRUE
XIBERIA Gaming Headset,Computer Headphones,Gaming Computer Headphones,FALSE
Zombie Gaming Headset,Computer Headphones,Gaming Computer Headphones,FALSE
3-Button Mouse,Computer Mice,Computer Mice,FALSE
Gaming Mouse Professional,Computer Mice,Gaming Computer Mice,FALSE
Generic Black 3-Button,Computer Mice,Computer Mice,FALSE
HP Wireless Mouse,Computer Mice,Computer Mice,FALSE
Logitech 3-button Mouse,Computer Mice,Computer Mice,FALSE
Logitech Wireless Mouse,Computer Mice,Computer Mice,FALSE
Microsoft Basic Optical Mouse,Computer Mice,Computer Mice,FALSE
Redragon Gaming Mouse,Computer Mice,Gaming Computer Mice,FALSE
Slim Wireless Mouse,Computer Mice,Computer Mice,FALSE
Wireless Portable Mouse,Computer Mice,Computer Mice,FALSE
Full Motion Monitor Mount,Computer Stands,Computer Stands,FALSE
Halter Acrylic Monitor Stand,Computer Stands,Computer Stands,FALSE
Halter Mesh Metal Monitor Stand,Computer Stands,Computer Stands,FALSE
Height-Adjustable Standing Desk,Computer Stands,Computer Stands,FALSE
Multi Media Stand,Computer Stands,Computer Stands,FALSE
Fire HD Tablet,Computer Tablets,Computer Tablets,FALSE
iPad,Computer Tablets,Computer Tablets,FALSE
iPad Pro,Computer Tablets,Computer Tablets,FALSE
Kindle,Computer Tablets,Computer Tablets,FALSE
Samsung Galaxy Tablet,Computer Tablets,Computer Tablets,TRUE
Acer Desktop,Desktop,Desktop,FALSE
ASUS Desktop,Desktop,Desktop,FALSE
CYBERPOWER Gamer Desktop,Desktop,Desktop,FALSE
Dell 2 Desktop,Desktop,Desktop,FALSE
Dell Desktop,Desktop,Desktop,FALSE
HP Desktop,Desktop,Desktop,FALSE
iMac,Desktop,Fanboy Desktop,FALSE
Intel Desktop,Desktop,Desktop,FALSE
Lenovo Desktop Computer,Desktop,Desktop,FALSE
1TB Portable External Hard Drive,External Hardrives,External Hardrives,FALSE
2TB Portable External Hard Drive,External Hardrives,External Hardrives,FALSE
3TB Portable External Hard Drive,External Hardrives,External Hardrives,FALSE
5TB Desktop Hard Drive,External Hardrives,External Hardrives,FALSE
Slim 2TB Portable External Hard Drive,External Hardrives,External Hardrives,FALSE
Apple Magic Keyboard,Keyboard,Fanboy Keyboard,FALSE
Apple Wired Keyboard,Keyboard,Fanboy Keyboard,FALSE
Apple Wireless Keyboard,Keyboard,Fanboy Keyboard,FALSE
Backlit LED Gaming Keyboard,Keyboard,Gaming Keyboard,FALSE
Dell Wired Keyboard,Keyboard,Keyboard,FALSE
HP USB Keyboard,Keyboard,Keyboard,FALSE
Logitech Keyboard,Keyboard,Keyboard,FALSE
Logitech Wireless Keyboard,Keyboard,Keyboard,FALSE
Rii LED Keyboard,Keyboard,Keyboard,FALSE
Acer Aspire,Laptops,Laptops,FALSE
Alienware Laptop,Laptops,Gaming Laptops,TRUE
Apple MacBook Air,Laptops,Fanboy Laptops,FALSE
Apple MacBook Pro,Laptops,Fanboy Laptops,TRUE
ASUS Chromebook,Laptops,Laptops,FALSE
Dell Laptop,Laptops,Laptops,FALSE
Eluktronics Pro Gaming Laptop,Laptops,Gaming Laptops,FALSE
HP Laptop,Laptops,Laptops,TRUE
HP Notebook Touchscreen Laptop PC,Laptops,Laptops,FALSE
LG Touchscreen Laptop,Laptops,Laptops,FALSE
Acer Monitor,Monitors,Monitors,FALSE
AOC Monitor,Monitors,Monitors,FALSE
ASUS 2 Monitor,Monitors,Monitors,FALSE
ASUS Monitor,Monitors,Monitors,FALSE
Dell Monitor,Monitors,Monitors,FALSE
HP Monitor,Monitors,Monitors,FALSE
LG Monitor,Monitors,Monitors,FALSE
Samsung Monitor,Monitors,Monitors,FALSE
Sceptre Monitor,Monitors,Monitors,FALSE
ViewSonic Monitor,Monitors,Monitors,FALSE
Dell KM117 Wireless Keyboard & Mouse,Mouse and Keyboard Combo,Mouse and Keyboard Combo,FALSE
EagleTec Wireless Combo Keyboard and Mouse,Mouse and Keyboard Combo,Mouse and Keyboard Combo,FALSE
Logitech Desktop MK120 Mouse and keyboard Combo,Mouse and Keyboard Combo,Mouse and Keyboard Combo,FALSE
Logitech MK270 Wireless Keyboard and Mouse Combo,Mouse and Keyboard Combo,Mouse and Keyboard Combo,FALSE
Logitech MK360 Wireless Keyboard and Mouse Combo,Mouse and Keyboard Combo,Mouse and Keyboard Combo,FALSE
Logitech MK550 Wireless Wave Keyboard and Mouse Combo,Mouse and Keyboard Combo,Mouse and Keyboard Combo,FALSE
Microsoft Wireless Comfort Keyboard and Mouse,Mouse and Keyboard Combo,Mouse and Keyboard Combo,FALSE
Microsoft Wireless Desktop Keyboard and Mouse,Mouse and Keyboard Combo,Mouse and Keyboard Combo,FALSE
Rii LED Gaming Keyboard & Mouse Combo,Mouse and Keyboard Combo,Gaming Mouse and Keyboard Combo,FALSE
Brother Printer Toner,Printer Ink,Printer Ink,FALSE
Canon Ink,Printer Ink,Printer Ink,FALSE
DYMO Labeling Tape,Printer Ink,Printer Ink,FALSE
Epson Black Ink,Printer Ink,Printer Ink,TRUE
HP Black & Tri-color Ink,Printer Ink,Printer Ink,FALSE
Brother Printer,Printers,Printers,FALSE
Canon Office Printer,Printers,Printers,FALSE
DYMO Label Manker,Printers,Printers,FALSE
Epson Printer,Printers,Printers,FALSE
HP Wireless Printer,Printers,Printers,FALSE
Apple TV,Smart Home Devices,Fanboy Smart Home Devices,FALSE
Fire TV Stick,Smart Home Devices,Smart Home Devices,FALSE
Google Home,Smart Home Devices,Smart Home Devices,FALSE
Roku Express,Smart Home Devices,Smart Home Devices,FALSE
Smart Light Bulb,Smart Home Devices,Smart Home Devices,FALSE
Bose Companion Speakers,Speakers,Speakers,FALSE
Cambridge Bluetooth Speaker,Speakers,Speakers,FALSE
Cyber Acoustics,Speakers,Speakers,FALSE
DOSS Touch Wireless Bluetooth,Speakers,Speakers,FALSE
JBL Splashproof Portable Bluetooth Speaker,Speakers,Speakers,FALSE
Logitech Multimedia Speakers,Speakers,Speakers,FALSE
Mackie CR Speakers,Speakers,Speakers,FALSE
Rokono Mini Speaker,Speakers,Speakers,FALSE
Sonos,Speakers,Speakers,FALSE
